name,activeIngredient,concentration,formulationType,min,max,unit
Agri-mek 1.8 EC,Abamectin,18 g/L,EC,250,500,mL
Orthene 75 SP,Acephate,750 g/Kg,SP,187.5,250,g
Black Hawk 40 SP,Acephate,400 g/Kg,SP,187.5,250,g
Monarch Acephate 50 SP,Acephate,500 g/Kg,SP,187.5,250,g
Radisson Acephate,Acephate,750 g/Kg,SP,187.5,250,g
Orthene 75 SP,Acephate,750 g/Kg,SP,187.5,250,g
Compete 75 SP,Acephate,750 g/Kg,SP,187.5,250,g
Milan 3 EC,Acetamiprid,30 g/L,EC,187.5,250,mL
Mospilan 3 EC,Acetamiprid,30 g/Kg,EC,187.5,250,mL
Agchem Acetamiprid 3 EC,Acetamiprid,30 g/Kg,EC,187.5,250,mL
Bulldock 025 EC,Betacyfluthrin,25 g/L,EC,-,-,-
Chix 2.5 EC,Betacypermethrin,25 g/L,EC,400,600,mL
Beta 2.5 EC,Betacypermethrin,26 g/L,EC,400,600,mL
Talstar 8 SC,Bifenthrin,80 g/L,SC,75,100,mL
Convoy 50 EC,BPMC,500 g/L,EC,375,437.5,mL
Hopcide 50 EC,BPMC,500 g/L,EC,375,437.5,mL
Carvil 50 EC,BPMC,500 g/L,EC,375,437.5,mL
Diacarb 50 EC,BPMC,500 g/L,EC,375,437.5,mL
Majesty 50 EC,BPMC,500 g/L,EC,375,437.5,mL
Ovation 10 WP,Buprofezin,100 g/Kg,WP,1,2,sachet
Professor 10 WP,Buprofezin,100 g/Kg,WP,1,2,sachet
Acclaim 10 WP,Buprofezin,100 g/Kg,WP,1,2,sachet
Applaud 10 WP,Buprofezin,100 g/Kg,WP,1,2,sachet
Applaud 25 SC,Buprofezin,250 g/L,SC,60,80,mL
Hopover 250 SC,Buprofezin,250 g/L,SC,60,80,mL
Hoppex,Buprofezin,100 g/Kg,WP,1,2,sachet
Accurate 25 SC,Buprofezin,250 g/L,WP,60,80,sachet
Bupro 25 SC,Buprofezin,250 g/L,SC,60,80,mL
Cube 25 SC,Buprofezin,250 g/L,SC,60,80,mL
Voltage 85 WP,Carbaryl,850 g/Kg,WP,500,1000,g
Victory 85 WP,Carbaryl,850 g/Kg,WP,500,1000,g
Paladin 85 WP,Carbaryl,850 g/Kg,WP,500,1000,g
Carbazeal 85 WP,Carbaryl,850 g/Kg,WP,500,1000,g
Phantom 85WP,Carbaryl,850 g/Kg,WP,500,1000,g
Samson 85 S,Carbaryl,850 g/Kg,WP,500,1000,g
Sevin 50 WP,Carbaryl,850 g/Kg,WP,500,1000,g
Shoot 85 WP,Carbaryl,850 g/Kg,WP,500,1000,g
Chopper 85 S,Carbaryl,850 g/Kg,WP,500,1000,g
Kwegger 85 WP,Carbaryl,850 g/Kg,WP,500,1000,g
Macro 85 WP,Carbaryl,850 g/Kg,WP,500,1000,g
Savyl 85 WP,Carbaryl,850 g/Kg,WP,500,1000,g
Superseven 85 WP,Carbaryl,850 g/Kg,WP,500,1000,g
Seven Eleven 85 WP,Carbaryl,850 g/Kg,WP,500,1000,g
Ganadrin 85 WP,Carbaryl,850 g/Kg,WP,500,1000,g
Baryl 85 WP,Carbaryl,850 g/Kg,WP,500,1000,g
Si Ben 85 WP,Carbaryl,850 g/Kg,WP,500,1000,g
Fortein 85 WP,Carbaryl,850 g/Kg,WP,500,1000,g
Bendoryl 85 WP,Carbaryl,850 g/Kg,WP,500,1000,g
RAC Carbaryl 85 WP,Carbaryl,850 g/Kg,WP,500,1000,g
Quadro 85 WP,Carbaryl,850 g/Kg,WP,500,1000,g
United Agro Carbaryl,Carbaryl,850 g/Kg,WP,500,1000,g
Zacarb 85 WP,Carbaryl,850 g/Kg,WP,500,1000,g
Big Seven 85 WP,Carbaryl,850 g/Kg,WP,500,1000,g
Resbak 85 WP,Carbaryl,850 g/Kg,WP,500,1000,g
Benefit 20 SC,Carbosulfan,200 g/L,SC,600,400,mL
Marshal 200 SC,Carbosulfan,200 g/L,SC,600,400,mL
Platinium 50 SP,Cartap Hydrochloride,500 g/Kg,SP,187.5,250,g
Ace Cartap 50 SP,Cartap Hydrochloride,500 g/Kg,SP,187.5,250,g
Agrisolutions Leafgard Cartap 50 SP,Cartap Hydrochloride,500 g/Kg,SP,187.5,250,g
Thunder 50 SP,Cartap Hydrochloride,500 g/Kg,SP,187.5,250,g
Hinder 50 SP,Cartap Hydrochloride,400 g/Kg,SP,187.5,250,g
Agri Cartap 50 SP,Cartap Hydrochloride,500 g/Kg,SP,187.5,250,g
Grantop 50 SP,Cartap Hydrochloride,500 g/Kg,SP,187.5,250,g
Espyder 50 SP,Cartap Hydrochloride,500 g/Kg,SP,187.5,250,g
Agway Cartap 50 SP,Cartap Hydrochloride,500 g/Kg,SP,187.5,250,g
Aktap 50 SP,Cartap Hydrochloride,500 g/Kg,SP,187.5,250,g
Ingram 50 SP,Cartap Hydrochloride,500 g/Kg,SP,187.5,250,g
Altap 50 SP,Cartap Hydrochloride,500 g/Kg,SP,187.5,250,g
Sparrow ,Cartap Hydrochloride,500 g/Kg,SP,187.5,250,g
Kordan 50 SP,Cartap Hydrochloride,500 g/Kg,SP,187.5,250,g
Rampage 50 SP,Cartap Hydrochloride,500 g/Kg,SP,187.5,250,g
Padim 50 SP,Cartap Hydrochloride,500 g/Kg,SP,187.5,250,g
Woktap 50 SP,Cartap Hydrochloride,500 g/Kg,SP,187.5,250,g
Boltrin 50 SP,Cartap Hydrochloride,500 g/Kg,SP,187.5,250,g
Voltz 50 SP,Cartap Hydrochloride,500 g/Kg,SP,187.5,250,g
Over-all 50 SP,Cartap Hydrochloride,500 g/Kg,SP,187.5,250,g
Kraptap 50 SP,Cartap Hydrochloride,500 g/Kg,SP,187.5,250,g
Cartap Gold 50 SP,Cartap Hydrochloride,500 g/Kg,SP,187.5,250,g
All Out 50 SP,Cartap Hydrochloride,500 g/Kg,SP,187.5,250,g
Tapdan 50 SP,Cartap Hydrochloride,500 g/Kg,SP,187.5,250,g
Blutap 50 S,Cartap Hydrochloride,500 g/Kg,SP,187.5,250,g
Full Cartap 50 SP,Cartap Hydrochloride,500 g/Kg,SP,187.5,250,g
Stellar 50 SP,Cartap Hydrochloride,500 g/Kg,SP,187.5,250,g
Aldab 50 SP,Cartap Hydrochloride,500 g/Kg,SP,187.5,250,g
GL Cartap,Cartap Hydrochloride,500 g/Kg,SP,187.5,250,g
Mantra 50 SP,Cartap Hydrochloride,500 g/Kg,SP,187.5,250,g
Grandia Cartap 50 Sp,Cartap Hydrochloride,500 g/Kg,SP,187.5,250,g
Drilltop 50 SP,Cartap Hydrochloride,500 g/Kg,SP,187.5,250,g
Kaboom 50 SP,Cartap Hydrochloride,500 g/Kg,SP,187.5,250,g
Super Cartap 50 SP,Cartap Hydrochloride,500 g/Kg,SP,187.5,250,g
Padan 50 SP,Cartap Hydrochloride,500 g/Kg,SP,187.5,250,g
Gadan 50 SP,Cartap Hydrochloride,500 g/Kg,SP,187.5,250,g
Grappler 50 SP,Cartap Hydrochloride,500 g/Kg,SP,187.5,250,g
Contract 50 SP,Cartap Hydrochloride,500 g/Kg,SP,187.5,250,g
Carbine 50 SP,Cartap Hydrochloride,500 g/Kg,SP,187.5,250,g
Patrak 50 SP,Cartap Hydrochloride,500 g/Kg,SP,187.5,250,g
Cartap ES,Cartap Hydrochloride,500 g/Kg,SP,187.5,250,g
X-Cartap Blue,Cartap Hydrochloride,500 g/Kg,SP,187.5,250,g
Tsunami 50 SP,Cartap Hydrochloride,500 g/Kg,SP,187.5,250,g
Knight 50 SP,Cartap Hydrochloride,500 g/Kg,SP,187.5,250,g
Optimus 50 SP,Cartap Hydrochloride,500 g/Kg,SP,187.5,250,g
Royal Cartap,Cartap Hydrochloride,500 g/Kg,SP,187.5,250,g
Paspas,Cartap Hydrochloride,500 g/Kg,SP,187.5,250,g
OCC Cartap 50 SP,Cartap Hydrochloride,500 g/Kg,SP,187.5,250,g
Farmfix Cartap,Cartap Hydrochloride,500 g/Kg,SP,187.5,250,g
Slay 50 SP,Cartap Hydrochloride,500 g/Kg,SP,187.5,250,g
Profarm Cartap,Cartap Hydrochloride,500 g/Kg,SP,187.5,250,g
Nutap 50 SP,Cartap Hydrochloride,500 g/Kg,SP,187.5,250,g
Tepok 50 SP,Cartap Hydrochloride,500 g/Kg,SP,187.5,250,g
Tsada 50 SP,Cartap Hydrochloride,500 g/Kg,SP,187.5,250,g
Roemtap 50 SP,Cartap Hydrochloride,500 g/Kg,SP,187.5,250,g
Tap Out 50 SP,Cartap Hydrochloride,500 g/Kg,SP,187.5,250,g
Blizzard 50 SP,Cartap Hydrochloride,500 g/Kg,SP,187.5,250,g
Padan 50 SP,Cartap Hydrochloride,500 g/Kg,SP,187.5,250,g
Padan 4G,Cartap Hydrochloride,40 g/Kg,SP,187.5,250,g
Dragon Cartap 50 SP,Cartap Hydrochloride,500 g/Kg,SP,187.5,250,g
Denominator 50 SP,Cartap Hydrochloride,500 g/Kg,SP,187.5,250,g
Texicon Cartap,Cartap Hydrochloride,500 g/Kg,SP,187.5,250,g
Pacman Cartap,Cartap Hydrochloride,-,SP,187.5,250,g
TFC Cartap 50 SP,Cartap Hydrochloride,500 g/Kg,SP,187.5,250,g
Trac 50 SP,Cartap Hydrochloride,500 g/Kg,SP,187.5,250,g
Triband,Cartap Hydrochloride,500 g/Kg,SP,187.5,250,g
Agrotap 50 SP,Cartap Hydrochloride,500 g/Kg,SP,187.5,250,g
Flame 50 SP,Cartap Hydrochloride,500 g/Kg,SP,187.5,250,g
Cardinal 50 SP,Cartap Hydrochloride,500 g/Kg,SP,187.5,250,g
Top Rank 50 SP,Cartap Hydrochloride,500 g/Kg,SP,187.5,250,g
Spur 50 SP,Cartap Hydrochloride,500 g/Kg,SP,187.5,250,g
VTL Cartap 50 SP,Cartap Hydrochloride,500 g/Kg,SP,187.5,250,g
Megatap 50 SP,Cartap Hydrochloride,500 g/Kg,SP,187.5,250,g
Zencor Cartap 50 SP,Cartap Hydrochloride,500 g/Kg,SP,187.5,250,g
Top Load 50 SP,Cartap Hydrochloride,500 g/Kg,SP,187.5,250,g
Top One 50 SP,Cartap Hydrochloride,500 g/Kg,SP,187.5,250,g
Trigun 50 SP,Cartap Hydrochloride,500 g/Kg,SP,187.5,250,g
Sun Cartap 50 SP,Cartap Hydrochloride,500 g/Kg,SP,187.5,250,g
Wartap 50 SP,Cartap Hydrochloride,500 g/Kg,SP,187.5,250,g
Goldentap 50 SP,Cartap Hydrochloride,500 g/Kg,SP,187.5,250,g
Firebolt EC,Chlorpyrifos + Cypermethrin,250 + 25 g/L,EC,312.5,500,mL
Attack Plus,Chlorpyrifos + Cypermethrin,250 + 25 g/L,EC,312.5,500,mL
Blink EC,Chlorpyrifos + Cypermethrin,250 + 25 g/L,EC,312.5,500,mL
Nurelle D,Chlorpyrifos + Cypermethrin,250 + 25 g/L,EC,312.5,500,mL
Nurelle,Chlorpyrifos + Cypermethrin,250 + 25 g/L,EC,312.5,500,mL
Cychlor EC,Chlorpyrifos + Cypermethrin,250 + 25 g/L,EC,312.5,500,mL
Tandem EC,Chlorpyrifos + Cypermethrin,250 + 25 g/L,EC,312.5,500,mL
Cartel 27.5 EC,Chlorpyrifos + Cypermethrin,250 + 25 g/L,EC,312.5,500,mL
Bombard 275 EC,Chlorpyrifos + Cypermethrin,250 + 25 g/L,EC,312.5,500,mL
Nurelle,Chlorpyrifos + Cypermethrin,250 + 25 g/L,EC,312.5,500,mL
Zapul 5 EC,Cypermethrin,50 g/L,EC,125,375,mL
Spraymate 5 EC,Cypermethrin,50 g/L,EC,125,375,mL
Supra 5 EC,Cypermethrin,50 g/L,EC,125,375,mL
Amda,Cypermethrin,50 g/L,EC,125,375,mL
Wizard 5 EC,Cypermethrin,50 g/L,EC,125,375,mL
Agri Cypermethrin 5 EC,Cypermethrin,50 g/L,EC,125,375,mL
Torpedo 5 EC,Cypermethrin,50 g/L,EC,125,375,mL
Akmethrin 5 EC,Cypermethrin,50 g/L,EC,125,375,mL
Magnum 5 EC,Cypermethrin,50 g/L,EC,125,375,mL
Attack 5R,Cypermethrin,50 g/L,EC,125,375,mL
Korbush 5 EC,Cypermethrin,50 g/L,EC,125,375,mL
Level Up 5 EC,Cypermethrin,50 g/L,EC,125,375,mL
Grabb 5 EC,Cypermethrin,50 g/L,EC,125,375,mL
Sherpa 050 EC,Cypermethrin,50 g/L,EC,125,375,mL
Zoom 5 EC,Cypermethrin,50 g/L,EC,125,375,mL
Smash 5 EC,Cypermethrin,50 g/L,EC,125,375,mL
Actor 5 EC,Cypermethrin,50 g/L,EC,125,375,mL
Payback 5 EC,Cypermethrin,50 g/L,EC,125,375,mL
Weapon 5 EC,Cypermethrin,50 g/L,EC,125,375,mL
Cat Cypermethrin,Cypermethrin,50 g/L,EC,125,375,mL
Flash 5 EC,Cypermethrin,50 g/L,EC,125,375,mL
Knock Out 5 EC,Cypermethrin,50 g/L,EC,125,375,mL
Discovery,Cypermethrin,50 g/L,EC,125,375,mL
Model 5 EC,Cypermethrin,50 g/L,EC,125,375,mL
EJA Cypermethrin 5 EC,Cypermethrin,50 g/L,EC,125,375,mL
Big Shot 5 EC,Cypermethrin,50 g/L,EC,125,375,mL
Kingstar 5 EC,Cypermethrin,50 g/L,EC,125,375,mL
Cyper Prime 5 EC,Cypermethrin,50 g/L,EC,125,375,mL
Omerta 5 EC,Cypermethrin,50 g/L,EC,125,375,mL
Arrivo 5 EC,Cypermethrin,50 g/L,EC,125,375,mL
Panther 5 EC,Cypermethrin,50 g/L,EC,125,375,mL
Global 5 EC,Cypermethrin,50 g/L,EC,125,375,mL
Bendita 5 EC,Cypermethrin,50 g/L,EC,125,375,mL
Bush 5 EC,Cypermethrin,50 g/L,EC,125,375,mL
Lyper 5 EC,Cypermethrin,50 g/L,EC,125,375,mL
Guardian 5 EC,Cypermethrin,50 g/L,EC,125,375,mL
Destroy 5 EC,Cypermethrin,50 g/L,EC,125,375,mL
Capture 5 EC,Cypermethrin,50 g/L,EC,125,375,mL
iMethrin 5 EC,Cypermethrin,50 g/L,EC,125,375,mL
Lakas 5 EC,Cypermethrin,50 g/L,EC,125,375,mL
Cyclone 5 EC,Cypermethrin,50 g/L,EC,125,375,mL
X-Press Methrin 5 EC,Cypermethrin,50 g/L,EC,125,375,mL
Arrow 5 EC,Cypermethrin,50 g/L,EC,125,375,mL
Kingpin 5 EC,Cypermethrin,50 g/L,EC,125,375,mL
Cipo 5 EC,Cypermethrin,50 g/L,EC,125,375,mL
Pinnacle 5 EC,Cypermethrin,50 g/L,EC,125,375,mL
Bugbuster 5 EC,Cypermethrin,50 g/L,EC,125,375,mL
Capetan 5 EC,Cypermethrin,50 g/L,EC,125,375,mL
Supersmak 50 EC,Cypermethrin,50 g/L,EC,125,375,mL
Pakat 5 EC,Cypermethrin,50 g/L,EC,125,375,mL
Cyper Ultra 5 EC,Cypermethrin,50 g/L,EC,125,375,mL
Blaze 5 EC,Cypermethrin,50 g/L,EC,125,375,mL
Killer 5 EC,Cypermethrin,50 g/L,EC,125,375,mL
Tirador 5 EC,Cypermethrin,50 g/L,EC,125,375,mL
Sabidong 5 EC,Cypermethrin,50 g/L,EC,125,375,mL
Cybest 5 EC,Cypermethrin,50 g/L,EC,125,375,mL
Nexus 5 EC,Cypermethrin,50 g/L,EC,125,375,mL
Pacto 5 EC,Cypermethrin,50 g/L,EC,125,375,mL
Palmetrin 5 EC,Cypermethrin,50 g/L,EC,125,375,mL
Farmfix Cypermethrin 5 EC,Cypermethrin,50 g/L,EC,125,375,mL
Super-M EC 50,Cypermethrin,50 g/L,EC,125,375,mL
Bushwhack,Cypermethrin,50 g/L,EC,125,375,mL
Death Bug 5 EC,Cypermethrin,50 g/L,EC,125,375,mL
Profarm Cyper 5 EC,Cypermethrin,50 g/L,EC,125,375,mL
Trinorth 5 EC,Cypermethrin,50 g/L,EC,125,375,mL
Tipid 5 EC,Cypermethrin,50 g/L,EC,125,375,mL
RAC Cypermethrin,Cypermethrin,50 g/L,EC,125,375,mL
Petrin 5 EC,Cypermethrin,50 g/L,EC,125,375,mL
Helmet 5 EC,Cypermethrin,50 g/L,EC,125,375,mL
Cypersun 5 EC,Cypermethrin,50 g/L,EC,125,375,mL
Sharphil 5 EC,Cypermethrin,50 g/L,EC,125,375,mL
Eagle Plus,Cypermethrin,50 g/L,EC,125,375,mL
Deluxe 5 EC,Cypermethrin,50 g/L,EC,125,375,mL
Cymbush 5 EC,Cypermethrin,50 g/L,EC,125,375,mL
Tag .357 EC,Cypermethrin,50 g/L,EC,125,375,mL
Rocket 5 EC,Cypermethrin,50 g/L,EC,125,375,mL
TFC Cyper 5 EC,Cypermethrin,50 g/L,EC,125,375,mL
Libra 5 EC,Cypermethrin,50 g/L,EC,125,375,mL
Deal 5 EC,Cypermethrin,50 g/L,EC,125,375,mL
Cypermethrin 5 EC,Cypermethrin,50 g/L,EC,125,375,mL
Cyrux 5 EC,Cypermethrin,5 g/L,EC,125,375,mL
Assassin 5 EC,Cypermethrin,50 g/L,EC,125,375,mL
Laban 5 EC,Cypermethrin,50 g/L,EC,125,375,mL
Vasthrin,Cypermethrin,50 g/L,EC,125,375,mL
Conqueror 5 EC,Cypermethrin,50 g/L,EC,125,375,mL
Cypex 50 EC,Cypermethrin,50 g/L,EC,125,375,mL
Punis X 5.5 EC,Cypermethrin,55 g/L,EC,187.5,500,mL
Armethrin 5 EC,Cypermethrin,50 g/L,EC,125,375,mL
Amihan 5 EC,Cypermethrin,50 g/L,EC,125,375,mL
Basisthrin 5 EC,Cypermethrin,50 g/L,EC,125,375,mL
Kingmethrin 5 EC,Cypermethrin,50 g/L,EC,125,375,mL
Panlaban 5 EC,Cypermethrin,50 g/L,EC,125,375,mL
Ader 5 EC,Cypermethrin,50 g/L,EC,125,375,mL
Wizard 5 EC,Cypermethrin,50 g/L,EC,125,375,mL
Sikat 5 EC,Cypermethrin,50 g/L,EC,125,375,mL
Defeat 5 EC,Cypermethrin,50 g/L,EC,125,375,mL
Global 5 EC,Cypermethrin,50 g/L,EC,125,375,mL
Delta 2.5 EC,Deltamethrin,25 g/L,EC,93.75,125,mL
Squadron 2.5 EC,Deltamethrin,25 g/L,EC,93.75,125,mL
Decis 2.5 EC,Deltamethrin,25 g/L,EC,93.75,125,mL
Whizz 2.5 EC,Deltamethrin,25 g/L,EC,93.75,125,mL
Deltaking 2.5 EC,Deltamethrin,25 g/L,EC,93.75,125,mL
Ryder 2.5 EC,Deltamethrin,25 g/L,EC,93.75,125,mL
Spartan 2.5 EC,Deltamethrin,25 g/L,EC,93.75,125,mL
2fast 2.5 EC,Deltamethrin,25 g/L,EC,93.75,125,mL
Delta-prime 2.5 EC,Deltamethrin,25 g/L,EC,93.75,125,mL
Superquick 2.5 EC,Deltamethrin,25 g/L,EC,93.75,125,mL
Decimate 2.5 EC,Deltamethrin,25 g/L,EC,93.75,125,mL
Deltaguard 2.5 EC,Deltamethrin,25 g/L,EC,93.75,125,mL
Stunner 2.5 EC,Deltamethrin,25 g/L,EC,93.75,125,mL
Radisson Deltamethrin 2.5 EC,Deltamethrin,25 g/L,EC,93.75,125,mL
Delta-S 2.5 EC,Deltamethrin,25 g/L,EC,93.75,125,mL
Sharphil Delta 2.5 EC,Deltamethrin,25 g/L,EC,93.75,125,mL
Scout 2.5 EC,Deltamethrin,25 g/L,EC,93.75,125,mL
Agro Deltamethrin,Deltamethrin,25 g/L,EC,93.75,125,mL
Desistin 2.5 EC,Deltamethrin,25 g/L,EC,93.75,125,mL
Deltamet 2.5 EC,Deltamethrin,25 g/L,EC,93.75,125,mL
Deltup 2.5 EC,Deltamethrin,25 g/L,EC,93.75,125,mL
Suppress 2.5 EC,Deltamethrin,25 g/L,EC,93.75,125,mL
Warden 2.5 EC,Deltamethrin,25 g/L,EC,93.75,125,mL
Sultan 2.5 EC,Deltamethrin,25 g/L,EC,93.75,125,mL
Patrol 2.5 EC,Deltamethrin,25 g/L,EC,93.75,125,mL
Deltamax 2.5 EC,Deltamethrin,25 g/L,EC,93.75,125,mL
Drexel Diazinon 600 EC,Diazinon,600 g/L,EC,312.5,500,mL
Diazol 60 EC,Diazinon,600 g/L,EC,312.5,500,mL
Monarch Diazinon 600 EC,Diazinon,600 g/L,EC,312.5,500,mL
Parafest-D 400 EC,Diazinon,400 g/L,EC,500,750,mL
Parapest D 600 EC,Diazinon,600 g/L,EC,312.5,500,mL
Sharphil Diaz,Diazinon,600 g/L,EC,312.5,500,mL
Diazinon 60 EC,Diazinon,600 g/L,EC,312.5,500,mL
Neocidin 600 EC,Diazinon,600 g/L,EC,312.5,500,mL
Oshin 20 SG,Dinotefuran,200 g/Kg,SG,12.5,25,mL
Starkle 20 SG,Dinotefuran,200 g/Kg,SG,12.5,25,mL
Cadet 2.5 EC,Etofenprox,25 g/L,EC,500,1000,mL
Trebon Excel 10 EC,Etofenprox,100 g/L,EC,125,250,mL
Dash 30 EC,Etofenprox,300 g/L,EC,40,80,mL
Polido 2.5 EC,Etofenprox,25 g/L,EC,500,1000,mL
Trebon 30 EC,Etofenprox,300 g/L,EC,40,80,mL
Trebon 10 EC,Etofenprox,100 g/L,EC,125,250,mL
Sumicidin 3 EC,Fenvalerate,30 g/L,EC,625,1000,mL
Leadmark 3 EC,Fenvalerate,30 g/L,EC,625,1000,mL
Fenracidin 30 EC,Fenvalerate,30 g/L,EC,625,1000,mL
Kilpes 3 EC,Fenvalerate,30 g/L,EC,625,1000,mL
Mainman 50 WG,Flonicamid,500 g/Kg,WG,625,1000,g
Dicarzol 20 SP,Formetanate HCL,200 g/Kg,SP,500,1000,g
Thripshield 20 SP,Formetanate HCL,200 g/Kg,SP,500,1000,g
Pro-axis 15 CS,Gamma-Cyhalothrin,15 g/L,CS,500,625,mL
Barricade 15 CS,Gamma-Cyhalothrin,15 g/L,CS,500,625,mL
Confidor SL 200,Imidacloprid,200 g/L,SL,40,50,mL
Radisson Imidacloprid 100 SL,Imidacloprid,100 g/L,SL,40,50,mL
Nudor 20 SL,Imidacloprid,200 g/L,SL,40,50,mL
Solomon 300 OD,Imidacloprid + Beta-cyfluthrin,210 + 90 g/L,OD,40,80,mL
Admire Max 75 WG,Imidacloprid + Deltamethrin,500 g + 250 g/Kg,WG,20,40,g
Zulpac Lambda 2.5 EC,Lambdacyhalothrin,25 g/L,EC,93.75,187.5,mL
Tyrant 2.5 EC,Lambdacyhalothrin,25 g/L,EC,93.75,187.5,mL
Flare 2.5 EC,Lambdacyhalothrin,25 g/L,EC,93.75,187.5,mL
Agrisolutions Polaris Lambda 2.5 EC,Lambdacyhalothrin,25 g/L,EC,93.75,187.5,mL
Sumo 2.5 EC,Lambdacyhalothrin,25 g/L,EC,93.75,187.5,mL
Philmaster 2.5 EC,Lambdacyhalothrin,25 g/L,EC,93.75,187.5,mL
Agri Labdacyhalothrin 2.5 E,Lambdacyhalothrin,25 g/L,EC,93.75,187.5,mL
RPG 2.5 EC,Lambdacyhalothrin,25 g/L,EC,93.75,187.5,mL
Spectra 2.5 EC,Lambdacyhalothrin,25 g/L,EC,93.75,187.5,mL
Deliver 2.5 EC,Lambdacyhalothrin,25 g/L,EC,93.75,187.5,mL
Akchlothrin 2.5 EC,Lambdacyhalothrin,25 g/L,EC,93.75,187.5,mL
Bida 2.5 EC,Lambdacyhalothrin,25 g/L,EC,93.75,187.5,mL
Legion 2.5 EC,Lambdacyhalothrin,25 g/L,EC,93.75,187.5,mL
Torch 2.5 EC,Lambdacyhalothrin,25 g/L,EC,93.75,187.5,mL
Lambada 2.5 EC,Lambdacyhalothrin,25 g/L,EC,93.75,187.5,mL
Bugseek 2.5 EC,Lambdacyhalothrin,25 g/L,EC,93.75,187.5,mL
Terminator 2.5 EC,Lambdacyhalothrin,25 g/L,EC,93.75,187.5,mL
Braco 2.5 EC,Lambdacyhalothrin,25 g/L,EC,93.75,187.5,mL
Excalibur 2.5 EC,Lambdacyhalothrin,25 g/L,EC,93.75,187.5,mL
Kriss 2.5 EC,Lambdacyhalothrin,25 g/L,EC,93.75,187.5,mL
Banker 2.5 EC,Lambdacyhalothrin,25 g/L,EC,93.75,187.5,mL
Alto 2.5 EC,Lambdacyhalothrin,25 g/L,EC,93.75,187.5,mL
Kara 2.5 EC,Lambdacyhalothrin,25 g/L,EC,93.75,187.5,mL
D-destroyer 2.5 EC,Lambdacyhalothrin,25 g/L,EC,93.75,187.5,mL
Eja Lambda 2.5 EC,Lambdacyhalothrin,25 g/L,EC,93.75,187.5,mL
Cyhatex 2.5 EC,Lambdacyhalothrin,25 g/L,EC,93.75,187.5,mL
Sword,Lambdacyhalothrin,25 g/L,EC,93.75,187.5,mL
Tesla 2.5 EC,Lambdacyhalothrin,25 g/L,EC,93.75,187.5,mL
Raptor 2.5 EC,Lambdacyhalothrin,25 g/L,EC,93.75,187.5,mL
Lethalin 2.5 EC,Lambdacyhalothrin,25 g/L,EC,93.75,187.5,mL
Quest 2.5 EC,Lambdacyhalothrin,25 g/L,EC,93.75,187.5,mL
Golden Lambda 2.5 EC,Lambdacyhalothrin,25 g/L,EC,93.75,187.5,mL
Grandia Lambda 2.5 EC,Lambdacyhalothrin,25 g/L,EC,93.75,187.5,mL
Autokill 2.5 EC,Lambdacyhalothrin,25 g/L,EC,93.75,187.5,mL
Dagger 2.5 EC,Lambdacyhalothrin,25 g/L,EC,93.75,187.5,mL
ICTC Lambda 2.5 EC,Lambdacyhalothrin,25 g/L,EC,93.75,187.5,mL
Inferno 2.5 EC,Lambdacyhalothrin,25 g/L,EC,93.75,187.5,mL
Alert 2.5 EC,Lambdacyhalothrin,25 g/L,EC,93.75,187.5,mL
Terrible 2.5 EC,Lambdacyhalothrin,25 g/L,EC,93.75,187.5,mL
Arnis 2.5 EC,Lambdacyhalothrin,25 g/L,EC,93.75,187.5,mL
Chaku 2.5 EC,Lambdacyhalothrin,25 g/L,EC,93.75,187.5,mL
Natarake 2.5 EC,Lambdacyhalothrin,25 g/L,EC,93.75,187.5,mL
Super Lambda 2.5 EC,Lambdacyhalothrin,25 g/L,EC,93.75,187.5,mL
Gold Crops 2.5 EC,Lambdacyhalothrin,25 g/L,EC,93.75,187.5,mL
Dynamo 2.5 EC,Lambdacyhalothrin,25 g/L,EC,93.75,187.5,mL
Arsenal 2.5 EC,Lambdacyhalothrin,25 g/L,EC,93.75,187.5,mL
NS Lambda 2.5 EC,Lambdacyhalothrin,25 g/L,EC,93.75,187.5,mL
One Click 2.5 EC,Lambdacyhalothrin,25 g/L,EC,93.75,187.5,mL
Octane 2.5 EC,Lambdacyhalothrin,25 g/L,EC,93.75,187.5,mL
Bigboss 2.5 EC,Lambdacyhalothrin,25 g/L,EC,93.75,187.5,mL
Lambdex 2.5 EC,Lambdacyhalothrin,25 g/L,EC,93.75,187.5,mL
Descarte 2.5 EC,Lambdacyhalothrin,25 g/L,EC,93.75,187.5,mL
Box Out 2.5 EC,Lambdacyhalothrin,25 g/L,EC,93.75,187.5,mL
Controller 2.5 EC,Lambdacyhalothrin,25 g/L,EC,93.75,187.5,mL
RAC Lambdacyhalothrin 2.5 EC,Lambdacyhalothrin,25 g/L,EC,93.75,187.5,mL
Cha Cha 2.5 EC,Lambdacyhalothrin,25 g/L,EC,93.75,187.5,mL
Roembda 2.5 EC,Lambdacyhalothrin,25 g/L,EC,93.75,187.5,mL
Sun Lambda 2.5 EC,Lambdacyhalothrin,25 g/L,EC,93.75,187.5,mL
Sharphil Lambdacyhalothrin 2.5 EC,Lambdacyhalothrin,25 g/L,EC,93.75,187.5,mL
Wave 2.5 EC,Lambdacyhalothrin,25 g/L,EC,93.75,187.5,mL
Jolina 2.5 EC,Lambdacyhalothrin,25 g/L,EC,93.75,187.5,mL
Karate 2.5 EC,Lambdacyhalothrin,25 g/L,EC,93.75,187.5,mL
King Arthur 2.5 EC,Lambdacyhalothrin,25 g/L,EC,93.75,187.5,mL
Master 2.5 EC,Lambdacyhalothrin,25 g/L,EC,93.75,187.5,mL
Jakpot 2.5 EC,Lambdacyhalothrin,25 g/L,EC,93.75,187.5,mL
Ariba 2.5 EC,Lambdacyhalothrin,25 g/L,EC,93.75,187.5,mL
TFC-Lambda 2.5 EC,Lambdacyhalothrin,25 g/L,EC,93.75,187.5,mL
Cylo 2.5 EC,Lambdacyhalothrin,25 g/L,EC,93.75,187.5,mL
Ram 2.5 EC,Lambdacyhalothrin,25 g/L,EC,93.75,187.5,mL
Y-Kurat 2.5 EC,Lambdacyhalothrin,25 g/L,EC,93.75,187.5,mL
Pulsar 2.5 EC,Lambdacyhalothrin,25 g/L,EC,93.75,187.5,mL
Sugod 2.5 EC,Lambdacyhalothrin,25 g/L,EC,93.75,187.5,mL
Slam 2.5 EC,Lambdacyhalothrin,25 g/L,EC,93.75,187.5,mL
Pest-Out 2.5 EC,Lambdacyhalothrin,25 g/L,EC,93.75,187.5,mL
Celerity 2.5 EC,Lambdacyhalothrin,25 g/L,EC,93.75,187.5,mL
Brusko 2.5 EC,Lambdacyhalothrin,25 g/L,EC,93.75,187.5,mL
Clash 2.5 EC,Lambdacyhalothrin,25 g/L,EC,93.75,187.5,mL
Harden 2.5 EC,Lambdacyhalothrin,25 g/L,EC,93.75,187.5,mL
Era 2.5 EC,Lambdacyhalothrin,25 g/L,EC,93.75,187.5,mL
Mystica 2.5 EC,Lambdacyhalothrin,25 g/L,EC,93.75,187.5,mL
Latoz 2.5 EC,Lambdacyhalothrin,25 g/L,EC,93.75,187.5,mL
Warlock 2.5 EC,Lambdacyhalothrin,25 g/L,EC,93.75,187.5,mL
Wardog 2.5 EC,Lambdacyhalothrin,25 g/L,EC,93.75,187.5,mL
Butcher 2.5 EC,Lambdacyhalothrin,25 g/L,EC,93.75,187.5,mL
Kasangga 2.5 EC,Lambdacyhalothrin,25 g/L,EC,93.75,187.5,mL
Alika 247 ZC,Lambdacyhalothrin + Thiamethoxam,106 + 141 g/L,ZC,40,60,mL
Atemi 247 SC ,Lambdacyhalothrin + Thiamethoxam,106 + 141 g/L,SC,40,60,mL
Colam 247 ZC,Lambdacyhalothrin + Thiamethoxam,106 + 141 g/L,ZC,40,60,mL
Phento-M 5 EC,Phenthoate,500 g/L,EC,250,625,mL
Pennant 500 EC,Phenthoate,500 g/L,EC,250,625,mL
Phenom,Phenthoate,500 g/L,EC,250,625,mL
Peasant 50 EC,Phenthoate,500 g/L,EC,250,625,mL
Pendant 50 EC,Phenthoate,500 g/L,EC,250,625,mL
Premier 50 EC,Phenthoate,500 g/L,EC,250,625,mL
Penhopp 50 EC,Phenthoate,500 g/L,EC,250,625,mL
Phendal 50 EC,Phenthoate,500 g/L,EC,250,625,mL
Salvo 50 EC,Phenthoate,500 g/L,EC,250,625,mL
Vader 500 EC,Profenofos,500 g/L,EC,125,250,mL
Ultimate 50 EC,Profenofos,500 g/L,EC,125,250,mL
Agri Profenofos 500 EC,Profenofos,500 g/L,EC,125,250,mL
Scanner 50 EC,Profenofos,500 g/L,EC,125,250,mL
Xylocron 50 EC,Profenofos,500 g/L,EC,125,250,mL
Ultracron 500 EC,Profenofos,500 g/L,EC,125,250,mL
Taurus 50 EC,Profenofos,500 g/L,EC,125,250,mL
Havoc 50 EC,Profenofos,500 g/L,EC,125,250,mL
Seleck 50 EC,Profenofos,500 g/L,EC,125,250,mL
Barak 500 EC,Profenofos,500 g/L,EC,125,250,mL
Prudent 50 EC,Profenofos,500 g/L,EC,125,250,mL
Dazzle 500 EC,Profenofos,500 g/L,EC,125,250,mL
M-Spinner 50 EC,Profenofos,500 g/L,EC,125,250,mL
Gemekron 50 EC,Profenofos,500 g/L,EC,125,250,mL
Profit 50 EC,Profenofos,500 g/L,EC,125,250,mL
Maggeddon 500 EC,Profenofos,500 g/L,EC,125,250,mL
Kila 500 EC,Profenofos,500 g/L,EC,125,250,mL
Cordon  500 EC,Profenofos,500 g/L,EC,125,250,mL
Kabron 500 EC,Profenofos,500 g/L,EC,125,250,mL
Super Insecticide 50 EC,Profenofos,500 g/L,EC,125,250,mL
Proven 50 EC,Profenofos,500 g/L,EC,125,250,mL
Trounce 50 EC,Profenofos,500 g/L,EC,125,250,mL
Profen 50 EC,Profenofos,500 g/L,EC,125,250,mL
Profenosmarth 50 EC,Profenofos,500 g/L,EC,125,250,mL
Jetstopper 500 EC,Profenofos,500 g/L,EC,125,250,mL
Kilter 500 EC,Profenofos,500 g/L,EC,125,250,mL
Atropos 500 EC,Profenofos,500 g/L,EC,125,250,mL
Masco 500 EC,Profenofos,500 g/L,EC,125,250,mL
Elektron 500 EC,Profenofos,500 g/L,EC,125,250,mL
Profecron 500 EC,Profenofos,500 g/L,EC,125,250,mL
Kemicron 50 EC,Profenofos,500 g/Kg,EC,125,250,mL
Protexwell 50 EC,Profenofos,500 g/L,EC,125,250,mL
Jalem 500 EC,Profenofos,500 g/L,EC,125,250,mL
Selecron 500 EC,Profenofos,500 g/L,EC,125,250,mL
Ultima 50 EC,Profenofos,500 g/L,EC,125,250,mL
Ventures 500 EC,Profenofos,500 g/L,EC,125,250,mL
Transofos 50 EC,Profenofos,500 g/L,EC,125,250,mL
Kilabot 500 EC,Profenofos,500 g/L,EC,125,250,mL
Primaphos 50 EC,Profenofos,500 g/L,EC,125,250,mL
Peno-Plus 500 EC,Profenofos,500 g/L,EC,125,250,mL
Elak 50 EC,Profenofos,500 g/L,EC,125,250,mL
Guston 500 EC,Profenofos,500 g/L,EC,125,250,mL
Ajanta 50 EC,Profenofos,500 g/L,EC,125,250,mL
Beater 500 EC,Profenofos,500 g/L,EC,125,250,mL
Delete 50 EC,Profenofos,500 g/L,EC,125,250,mL
Chess 50 WG,Pymetrozine,500 g/Kg,WG,80,0,g
Agchem Pymetrozine 50 WG,Pymetrozine,500 g/Kg,WG,80,80,g
Grandmaster 500 WDG,Pymetrozine,500 g/Kg,WDG,80,80,g
Umbre 50 WG,Pymetrozine,500 g/Kg,WG,80,80,g
Armado 50 WG,Pymetrozine,500 g/Kg,WG,80,80,g
Chosen 50 WG,Pymetrozine,500 g/Kg,WG,80,80,g
GF-120 Naturalite Fruitfly Bait,Spinosad,0.2 g/L,SC,-,-,mL
Static,Spinosad,0.2 g/L,SC,-,-,mL
Tayamet 25 WG,Thiamethoxam,500 g/Kg,WP,-,-,g
Actara 25 WG,Thiamethoxam,500 g/Kg,WG,-,-,g
Agchem Thiamethoxam 25 WG,Thiamethoxam,500 g/Kg,WG,-,-,g
Awesome 250 WG,Thiamethoxam,500 g/Kg,WG,-,-,g
Frisk 25 WG,Thiamethoxam,500 g/Kg,WG,-,-,g
Rockot 25 WG,Thiamethoxam,500 g/Kg,WG,-,-,g
Valiente 25 WG,Thiamethoxam,500 g/Kg,WG,-,-,g
Dipterex 95 SP,Trichlorfon,950g/ Kg,SP,375,625,g
Tyrant 2.5 EC,Lambdacyhalothrin,25 g /L,EC,93.75,187.5,mL
Blackwidow 50 Ec,Profenofos,500 g/L,EC,125,250,mL
Buprozen 25 SC,Buprofezin,250 g/L,SC,60,80,mL
Klarex 3 EC,Acetamiprid,30 g/L,EC,187.5,250,mL
Exelon 25 WG,Thiamthoxam,250 g/Kg,WG,-,-,g
Primex 25 WP,Buprofezin + MIPC,50 + 200 g/Kg,WP,375,500,g
Kazam 50 WG,Pymetrozine,500 g/Kg,WG,-,-,g
Pymet 50 WG,Pymetrozine,500 g/Kg,WG,-,-,g
Top Guard 50 WG,Pymetrozine,500 g/Kg,WG,-,-,g
Vita 2.5 EC,Deltamethrin,25 g/L,EC,93.75,125,mL
CIA 5 EC,Cypermethrin,50 g/L,EC,125,375,mL
Avenger 2.5 EC,Lambdacyhalothrin,25 g/L,EC,93.75,187.5,mL
Cypro 5 EC,Cypermethrin,50 g/L,EC,125,375,mL
Cavalier 2.5 EC,Deltamethrin,25 g/L,EC,100,125,mL
Dedpul 2.5 EC,Lambdacyhalothrin,25 g/L,EC,93.75,187.5,mL
Artemis 5 EC,Cypermethrin,50 g/L,EC,125,375,mL
Cronic 50 EC,Profenofos,500 g/L,EC,125,250,mL
Trust 50 WG,Pymetrozine,500 g/Kg,WG,-,-,-
Sharphil Prof 50 EC,Profenofos,500 g/L,EC,125,250,mL
Trugold 60 EC,Diazinon,600 g/L,EC,312.5,500,mL
Difan 20 SG,Dinotefuran,200 g/Kg,SG,125,250,g
Primera Leader 5 EC,Cypermethrin,50 g/L,EC,125,375,mL
Emperor 27.5 EC,Chlorpyrifos + Cypermethrin,250 + 25 g/L,EC,312.5,500,mL
Sting 50 WG,Pymetrozine,500 g/Kg,WDG,-,-,g
Lancer 75 SP,Acephate,750 g/Kg,SP,187.5,250,g
Corsair 5 EC,Permethrin,50 g/L,EC,125,375,mL
Legend 2.5 EC,Esfenvalerate,25 g/L,EC,187.5,250,mL
Sumi- Alpha 2.5 EC,Esfenvalerate,25 g/L,EC,187.5,250,mL
Procin 25 WP,Buprofezin + MIPC,50 + 200  g/Kg,WP,375,500,g
Pytox 10 EC,Permethrin,100 g/L,EC,125,375,mL
Trefic 20 WP,Etofenprox,200 g/Kg,WP,125,125,mL
ECD Pymetrozine 50 WG,Pymetrozine,500 g/Kg,WG,-,-,mL
ECD Cartap 50 SP,Cartap Hydrochloride,500 g/Kg,SP,187.5,250,mL
Fusion ZC,Lambdacyhalothrin + Thiamethoxam,-,ZC,40,60,mL
Lauda 250 SC,Buprofezin,250 g/L,SC,60,80,mL
Kayazinon 60 EC,Diazinon,600 g/L,EC,312.5,500,mL
Pyrozine 50 WG,Pymetrozine,500 g/Kg,WG,-,-,g
Rush 4.5 EC,Betacypermethrin,45 g/L,EC,266.25,400,mL
Aguila 247 ZC,Lambdacyhalothrin + Thiamethoxam,106 + 141 g/L,ZC,40,60,mL
Agile 25 WG,Thiamethoxam,250 g/Kg,WG,-,-,g
Voltron 50 EC,Profenofos,500 g/L,EC,125,250,mL
Comrade 50 WG,Pymetrozine,500 g/Kg,WG,-,-,g
Vendetta 5 EC,Cypermethrin,50 g/L,EC,125,375,mL
Ortain 40 SL,Acephate,400 g/L,SL,187.5,250,mL
Controller 2.5 EC,Lambdacyhalothrin,25 g/L,EC,93.75,187.5,mL
Trinorth 5 EC,Cypermethrin,50 g/L,EC,125,375,mL
Punisher 40 SL,Acephate,400 g/L,SL,187.5,250,mL
Accurate 10 WP,Buprofezin,100 g/Kg,WP,-,-,g
Embrin 5 EC,Cypermethrin,50 g/L,EC,125,375,mL
Bug+ 5 EC,Cypermethrin,50 g/L,EC,125,375,mL
Sharphil Lufenuron 5% EC,Lufenuron,50 g/L,EC,125,187.5,mL
Gemtrak 50 SP,Cartap Hydrochloride,500 g/Kg,SP,187.5,250,g
Rubato 25 SC,Azoxystrobin,250 g/L,SC,120,160,mL
Super 250 SC,Azoxystrobin,250 g/L,SC,120,160,mL
Mirador 25 SC,Azoxystrobin,250 g/L,SC,120,160,mL
Growztar 25 SC,Azoxystrobin,250 g/L,SC,120,160,mL
Rubato 25 SC,Azoxystrobin,250 g/L,SC,120,160,mL
Aztrostar 250 SC,Azoxystrobin,250 g/L,SC,120,160,mL
Sharphil Azoxystrobin 25 SC,Azoxystrobin,250 g/L,SC,120,160,mL
Zoxy 250 EC,Azoxystrobin,250 g/L,SC,120,160,mL
Starlord 250 SC,Azoxystrobin,250 g/L,SC,120,160,mL
Amistar 25 SC,Azoxystrobin,250 g/L,SC,120,160,mL
Amaze 250 SC,Azoxystrobin,250 g/L,SC,120,160,mL
Strobe 250 SC,Azoxystrobin,250 g/L,SC,120,160,mL
Zagrobin 25 SC,Azoxystrobin,250 g/L,SC,120,160,mL
Sharphil Azoxystrobin 25 SC,Azoxystrobin,250 g/L,SC,120,160,mL
Rezult 25 SC,Azoxystrobin,250 g/L,SC,120,160,mL
Azogro 250 SC,Azoxystrobin+Tebuconazole,250 g/L,SC,120,160,mL
Custodia 320 SC,Azoxystrobin,320 g/L,SC,-,-,mL
Serenade SC,Bacillus Amyloliquefaciens QST 713,13.7 g/L,SC,800,1200,mL
Vaskeg 50 WP,Benomyl,500 g/Kg,WP,125,250,g
Agchem Benomyl,Benomyl,500 g/Kg,WP,125,250,g
Agri Benomyl 50 WP,Benomyl,500 g/Kg,WP,125,250,g
Benolate 50 WP,Benomyl,500 g/Kg,WP,125,250,g
Agway Benomyl 50 WP,Benomyl,500 g/Kg,WP,125,250,g
Benomax 50 WP,Benomyl,500 g/Kg,WP,125,250,g
Albaguard,Benomyl,500 g/Kg,WP,125,250,g
Cat Benomyl 50 WP,Benomyl,500 g/Kg,WP,125,250,g
Hyper 50 WP,Benomyl,500 g/Kg,WP,125,250,g
Shineglo 50 WP,Benomyl,500 g/Kg,WP,125,250,g
Dewpoint 50 WP,Benomyl,500 g/Kg,WP,125,250,g
Agway 50 WP,Benomyl,500 g/Kg,WP,125,250,g
Alamid 50 WP,Benomyl,500 g/Kg,WP,125,250,g
Zerin 50 WP,Benomyl,500 g/Kg,WP,125,250,g
Bigben 50 WP,Benomyl,500 g/Kg,WP,125,250,g
Fundazol 50 WP,Benomyl,500 g/Kg,WP,125,250,g
ICTC Benomyl 50 WP,Benomyl,500 g/Kg,WP,125,250,g
Vital 50 WP,Benomyl,500 g/Kg,WP,125,250,g
Ben-On-Time,Benomyl,500 g/Kg,WP,125,250,g
Beacon 5 WP,Benomyl,500 g/Kg,WP,125,250,g
Porter,Benomyl,500 g/Kg,WP,125,250,g
Benroemyl 50 WP,Benomyl,500 g/Kg,WP,125,250,g
Benowell 50 WP,Benomyl,500 g/Kg,WP,125,250,g
Clutch 50 WP,Benomyl,500 g/Kg,WP,125,250,g
Dragon Benomyl 50 WP,Benomyl,500 g/Kg,WP,125,250,g
Sure Win 50 WP,Benomyl,500 g/Kg,WP,125,250,g
Texamyl 50 WP,Benomyl,500 g/Kg,WP,125,250,g
Agromyl 50 WP,Benomyl,500 g/Kg,WP,125,250,g
Benlaki 50 WP,Benomyl,500 g/Kg,WP,125,250,g
Fungufree Plus,Benomyl,500 g/Kg,WP,125,250,g
Benzyl 50 WP,Benomyl,500 g/Kg,WP,125,250,g
Comply 50 WP,Benomyl,500 g/Kg,WP,125,250,g
Captan 50 WP,Captan,500 g/Kg,WP,500,1000,g
Captan 50 WP,Captan,500 g/Kg,WP,500,1000,g
Captan 50 WP,Captan,500 g/Kg,WP,500,1000,g
Clearazim 50 WP,Carbendazim,500 g/Kg,WP,125,250,g
Agri Carbendazim 50 WP,Carbendazim,500 g/Kg,DF,125,250,g
Zimmer 500 SC,Carbendazim,500 g/L,SC,125,250,mL
Multizim 500 SC,Carbendazim,500 g/L,SC,125,250,mL
Goldazim 5 SC,Carbendazim,500 g/L,SC,125,250,mL
Benplus 500 SC,Carbendazim,500 g/L,SC,125,250,mL
Sundazim 50 WP,Carbendazim,500 g/Kg,WP,125,250,g
Superdazim,Carbendazim,500 g/L,SC,125,250,mL
Systema 50 SC,Carbendazim,500 g/L,SC,125,250,mL
Radizim 50 WP,Carbendazim,500 g/Kg,WP,125,250,g
Benplus 500 SC,Carbendazim,500 g/L,SC,125,250,mL
Avert 50 WP,Carbendazim,500g/kg,WP,125,250,g
Carbensal 50 SC,Carbendazim,500 g/L,SC,125,250,mL
Biostin 500 SC,Carbendazim,500 g/L,SC,125,250,mL
Ultrazim,Carbendazim,500 g/L,SC,125,250,mL
Tantor 500 SC,Carbendazim + Tebuconazole,125 + 125 g/L,SC,200,300,mL
Domark Pro,Carbendazim + Tebuconazole,125 + 125 g/L,SC,544,640,mL
Tantor 500 SC,Carbendazim + Tebuconazole,125 + 125 g/L,SC,200,300,mL
Tantan 250 SC,Carbendazim + Tebuconazole,125 + 125 g/L,SC,200,300,mL
Dantop 16 WSG,Chlothianidin,160 g/Kg,WSG,10,15,g
Dantotsu 16 WSG,Chlothianidin,160 g/Kg,WSG,10,15,g
Simba 720 SC,Chlorothalonil,720 g/L,SC,562.5,750,mL
Yoda 500 SC,Chlorothalonil,500 g/L,SC,750,106.25,mL
Vivo 720 SC,Chlorothalonil,720 g/L,SC,562.5,750,mL
Vivo 500 SC,Chlorothalonil,500 g/L,SC,750,106.25,mL
Baron 720 SC,Chlorothalonil,720 g/L,SC,562.5,750,mL
Daninil 720 SC,Chlorothalonil,720 g/L,SC,562.5,750,mL
Deacon 720 SC,Chlorothalonil,720 g/L,SC,562.5,750,mL
Rover 500,Chlorothalonil,500 g/L,SC,750,1062.5,mL
Greenil 500 SC,Chlorothalonil,500 g/L,SC,750,1062.5,mL
Fungunil 720 SC,Chlorothalonil,720 g/L,SC,562.5,750,mL
Banko 720 SC,Chlorothalonil,720 g/L,SC,562.5,750,mL
Vengeance 500 SC,Chlorothalonil,500 g/L,SC,750,1062.5,mL
Chlorotek 50 SC,Chlorothalonil,500 g/L,SC,750,1062.5,mL
Chlorotek 720 SC,Chlorothalonil,720 g/L,SC,562.5,750,mL
Siganil 720 SC,Chlorothalonil,720 g/L,SC,562.5,750,mL
Telgar 500 SC,Chlorothalonil,500 g/L,SC,750,1062.5,mL
Syntax 720 SC,Chlorothalonil,720 g/L,SC,562.5,750,mL
Right Trac 720 SC,Chlorothalonil,720 g/L,SC,562.5,750,mL
Biowar 720 SC,Chlorothalonil,720 g/L,SC,562.5,750,mL
Gardenil 500 SC,Chlorothalonil,500 g/L,SC,750,1062.5,mL
Gardenil 720 SC,Chlorothalonil,720 g/L,SC,562.5,750,mL
Domino 720 SC,Chlorothalonil,720 g/L,SC,562.5,750,mL
Daconil 720 SC,Chlorothalonil,720 g/L,SC,562.5,750,mL
Alternil 720 SC,Chlorothalonil,720 g/L,SC,562.5,750,mL
Bosisng 720 SC,Chlorothalonil,720 g/L,SC,562.5,750,mL
Odeon 720 SC,Chlorothalonil,720 g/L,SC,562.5,750,mL
Leadonil 500 SC,Chlorothalonil,500 g/L,SC,750,1062.5,mL
Cavalry 500 SC,Chlorothalonil,500 g/L,SC,750,1062.5,mL
Hardcoat 720 SC,Chlorothalonil,720 g/L,SC,562.5,750,mL
Strata 720 SC,Chlorothalonil,720 g/L,SC,562.5,750,mL
Signatvre 500 SC,Chlorothalonil,500g/L,SC,750,1062.5,mL
Oranil 720 SC,Chlorothalonil,720 g/L,SC,562.5,750,mL
Oranil 500 SC,Chlorothalonil,500 g/L,SC,750,1062.5,mL
Marker 500 SC,Chlorothalonil,500 g/L,SC,750,1062.5,mL
Maxel 72 SC,Chlorothalonil,720 g/L,SC,562.5,750,mL
Draco 720 SC,Chlorothalonil,720 g/L,SC,562.5,750,mL
Lupin 720 SC,Chlorothalonil,720 g/L,SC,562.5,750,mL
Chanil 720 SC,Chlorothalonil,720 g/L,SC,562.5,750,mL
RAC Chlorothalonil 500 SC,Chlorothalonil,500 g/L,SC,750,1062.5,mL
Valiant 720 SC,Chlorothalonil,720 g/L,SC,562.5,750,mL
Domino 720 SC,Chlorothalonil,720 g/L,SC,562.5,750,mL
Flex 720 SC,Chlorothalonil,720 g/L,SC,562.5,750,mL
Texonil 500 SC,Chlorothalonil,500 g/L,SC,750,1062.5,mL
Texonil 720 SC,Chlorothalonil,720 g/L,SC,562.5,750,mL
Transonil 500 SC,Chlorothalonil,500 g/L,SC,750,1062.5,mL
Transonil 720 SC,Chlorothalonil,720 g/L,SC,562.5,750,mL
Teconil 720 SC,Chlorothalonil,720 g/L,SC,562.5,750,mL
Chlothanil 720 SC,Chlorothalonil,720 g/L,SC,562.5,750,mL
Pilarich 500 SC,Chlorothalonil,500 g/L,SC,750,1062.5,mL
Pilarich 720 SC,Chlorothalonil,720 g/L,SC,562.5,750,mL
Fungutek 500 SC,Chlorothalonil,500 g/L,SC,750,1062.5,mL
Fungutek 720 SC,Chlorothalonil,720 g/L,SC,562.5,750,mL
Balear 500 SC,Chlorothalonil,500 g/L,SC,750,1062.5,mL
Balear 720 SC,Chlorothalonil,720 g/L,SC,562.5,750,mL
Cleaner 720 SC,Chlorothalonil,720 g/L,SC,562.5,750,mL
Odeon 500 SC,Chlorothalonil,500 g/L,SC,750,1062.5,mL
Strata 500 SC,Chlorothalonil,500 g/L,SC,750,1062.5,mL
Savonil 50 SC,Chlorothalonil,500 g/L,SC,750,1062.5,mL
Goblin 500 SC,Chlorothalonil,500 g/L,SC,750,1062.5,mL
Shaq Onil 720 SC,Chlorothalonil,720 g/L,SC,562.5,750,mL
Funguran-Oh,Copper Hydroxide,770 g/Kg,WP,325,750,g
KOP-Hydroxide 770 WP,Copper Hydroxide,770 g/Kg,WP,325,750,g
Hidrocob 77 WP,Copper Hydroxide,770 g/Kg,WP,325,750,g
Kocide DF 2000,Copper Hydroxide,538 g/Kg,DF,250,750,g
Hydroxide Super 77 WP,Copper Hydroxide,770 g/Kg,WP,250,750,g
Hydromax 77 WP,Copper Hydroxide,770 g/Kg,WP,250,750,g
Radisson Copper Hydroxide 77 WP,Copper Hydroxide,770 g/Kg,WP,250,750,g
RAC Copper Hydroxide 77 WP,Copper Hydroxide,770 g/Kg,WP,250,750,g
Agri Blue 58 WP,Copper Oxychloride,580 g/Kg,WP,687.5,1000,g
Vitigran Blue 58 WP,Copper Oxychloride,580 g/Kg,SC,687.5,1000,mL
Radisson Copper Oxychloride 50 WP,Copper Oxychloride,580 g/Kg,WP,687.5,1000,g
Radisson Copper Oxychloride 58 WP,Copper Oxychloride,580 g/Kg,WP,687.5,1000,g
Vital Blue 85 WP,Copper Oxychloride,850 g/Kg,WP,812.5,1250,g
Red Shield 75 WDG,Cuprous Oxide,400 g/Kg,WDG,-,-,g
Nordox 75 WG,Cuprous Oxide,400 g/Kg,WDG,-,-,g
Montana 250 EC,Difenoconazole,250 g/L,EC,-,-,mL
Difenthrum 25 EC,Difenoconazole,250 g/L,EC,-,-,mL
Pursue 25 EC,Difenoconazole,250 g/L,EC,-,-,mL
Puntos 250 EC,Difenoconazole,250 g/L,EC,-,-,mL
S-Code 250 EC,Difenoconazole,250 g/L,EC,-,-,mL
Icure 250 EC,Difenoconazole,250 g/L,EC,-,-,mL
Sigatrol 25 EC,Difenoconazole,250 g/L,EC,-,-,mL
Homerun 250 EC,Difenoconazole,250 g/L,EC,-,-,mL
Vanquish 250 EC,Difenoconazole,250 g/L,EC,-,-,mL
Elbow 250 EC,Difenoconazole,250 g/L,EC,-,-,mL
Divino 250 EC,Difenoconazole,250 g/L,EC,-,-,mL
Escudo 250 EC,Difenoconazole,250 g/L,EC,-,-,mL
Escort 250 EC,Difenoconazole,250 g/L,EC,-,-,mL
Visor 250 EC,Difenoconazole,250 g/L,EC,-,-,mL
Dizole 250 EC,Difenoconazole,250 g/L,EC,-,-,mL
Kevlar 250 EC,Difenoconazole,250 g/L,EC,-,-,mL
Sharphil Conazole,Difenoconazole,250 g/L,EC,-,-,mL
Bash 250 EC,Difenoconazole,250 g/L,EC,-,-,mL
Resolute 25 EC,Difenoconazole,250 g/L,EC,-,-,mL
Score 250 EC,Difenoconazole,250 g/L,EC,-,-,mL
Difenthrum 250 EC,Difenoconazole,250 g/L,EC,-,-,mL
Royal 250 EC,Difenoconazole,250 g/L,EC,-,-,mL
S-Cure 250 EC,Difenoconazole,250 g/L,EC,-,-,mL
Forex 250 EC,Difenoconazole,250 g/L,EC,-,-,mL
Miracle 250 EC,Difenoconazole,250 g/L,EC,-,-,mL
Rockie 250 EC,Difenoconazole,250 g/L,EC,-,-,mL
Defcon 25 EC,Difenoconazole,250 g/L,EC,-,-,mL
Bellkute 40 WP,Iminoctadine Tris (Albesilate),400 g/Kg,WP,1250,1500,g
Ace Mancozeb 80 WP,Mancozeb,800 g/Kg,WP,375,750,g
Agchem Mancozeb 80 WP,Mancozeb,800 g/Kg,WP,375,750,g
Agri Mancozeb 80 WP,Mancozeb,800 g/Kg,WP,375,750,g
Truzeb 80 WP,Mancozeb,800 g/Kg,WP,375,750,g
Vanzeb 80 WP,Mancozeb,800 g/Kg,WP,375,750,g
Vanzeb 75% WDG,Mancozeb,750 g/Kg,WDG,-,-,g
Agro Techno Mancozeb 80 WP,Mancozeb,800 g/Kg,WP,375,750,g
Agricote MZ  80 WP,Mancozeb,800 g/Kg,WP,375,750,g
Micron 80 WP,Mancozeb,800 g/Kg,WP,375,750,g
Canopy 80 WP,Mancozeb,800 g/Kg,WP,375,750,g
Shogun 800 WP,Mancozeb,800 g/Kg,WP,375,750,g
Aries Mancozeb 80 WP,Mancozeb,800 g/Kg,WP,375,750,g
Redeem 80 WP,Mancozeb,800 g/Kg,WP,375,750,g
Redeem 750 WDG,Mancozeb,750 g/Kg,WDG,-,-,g
Vitablue 800,Mancozeb,800 g/Kg,WP,375,750,g
Dithane M-45 Neotec WP,Mancozeb,800 g/Kg,WP,375,750,g
Rainfast 80 WP,Mancozeb,800 g/Kg,WP,375,750,g
Wonder 80 WP,Mancozeb,800 g/Kg,WP,375,750,g
Savior 80 WP,Mancozeb,800 g/Kg,WP,375,750,g
Ever Mancozeb 75 DF,Mancozeb,750 g/Kg,DF,375,750,g
Manco-Prime 80 WP,Mancozeb,800 g/Kg,WP,375,750,g
Smut 80 WP,Mancozeb,800 g/Kg,WP,375,750,g
Fullclean 80 WP,Mancozeb,800 g/Kg,WP,375,750,g
Patriot 80 WP,Mancozeb,800 g/Kg,WP,375,750,g
GL Mancozeb 80 WP,Mancozeb,800 g/Kg,WP,375,750,g
G-Zeb 80 WP,Mancozeb,800 g/Kg,WP,375,750,g
Mandate 80 WP,Mancozeb,800 g/Kg,WP,375,750,g
Mandate 75 WDG/DF,Mancozeb,750 g/Kg,WDG,-,-,g
Ivazeb 80 WP,Mancozeb,800 g/Kg,WP,375,750,g
ICTC Mancozeb 80 WP,Mancozeb,800 g/Kg,WP,375,750,g
Manzate 200,Mancozeb,800 g/Kg,WP,375,750,g
Manzate DF,Mancozeb,800 g/Kg,WP,375,750,g
Ganazeb 80 WP,Mancozeb,800 g/Kg,WP,375,750,g
Filzeb 80 WP,Mancozeb,800 g/Kg,WP,375,750,g
Joepabs Mancozeb 80 WP,Mancozeb,800 g/Kg,WP,375,750,g
Frenzy 80 WP,Mancozeb,800 g/Kg,WP,375,750,g
Kemistar Mancozeb 80 WP,Mancozeb,800 g/Kg,WP,375,750,g
Bluzate 80 WP,Mancozeb,800 g/Kg,WP,375,750,g
Manager 80 WP,Mancozeb,800 g/Kg,WP,375,750,g
Granman 75 DF,Mancozeb,750 g/Kg,DF,375,750,g
Dayten Mancozeb,Mancozeb,800 g/Kg,WP,375,750,g
Marthseb 80 WP,Mancozeb,800 g/Kg,WP,375,750,g
Mega Booster Mancozeb 80 WP,Mancozeb,800 g/Kg,WP,375,750,g
Highlander 80 WP,Mancozeb,800 g/Kg,WP,375,750,g
Biozeb 80 WP,Mancozeb,800 g/Kg,WP,375,750,g
NS Double Defense Technology Plus 80 WP,Mancozeb,800 g/Kg,WP,375,750,g
Zebazeb 80 WP,Mancozeb,800 g/Kg,WP,375,750,g
Wakazeb 80 WP,Mancozeb,800 g/Kg,WP,375,750,g
Parafungus 80 WP,Mancozeb,800 g/Kg,WP,375,750,g
Robin 80 WP,Mancozeb,800 g/Kg,WP,375,750,g
Radisson Mancozeb 80 WP,Mancozeb,800 g/Kg,WP,375,750,g
Emzeb 75 WDG,Mancozeb,750 g/Kg,WP,-,-,g
Emzeb 80 WP,Mancozeb,800 g/Kg,WP,375,750,g
Mancosave 80 WP,Mancozeb,800 g/Kg,WP,375,750,g
Torogi Blue,Mancozeb,800 g/Kg,WP,375,750,g
Wallop 80 WP,Mancozeb,800 g/Kg,WP,375,750,g
Wallop 75 WDG,Mancozeb,750 g/Kg,WDG,-,-,g
Maxicote 74 WDG,Mancozeb,750 g/Kg,WDG,-,-,g
Tagchem Mancozeb 80 WP,Mancozeb,800 g/Kg,WP,375,750,g
Vondozeb Plus,Mancozeb,800 g/Kg,WP,375,750,g
Pacazeb 80 WP,Mancozeb,800 g/Kg,WP,375,750,g
Mancotex 80 WP,Mancozeb,800 g/Kg,WP,375,750,g
Agro Blue 80 WP,Mancozeb,800 g/Kg,WP,375,750,g
Tranzeb 75 WDG,Mancozeb,750 g/Kg,WDG,375,750,g
Tranzeb 80 WP,Mancozeb,800 g/Kg,WP,375,750,g
Trizeb 80 WP,Mancozeb,800 g/Kg,WP,375,750,g
Dithane M-45 Neotec WP,Mancozeb,800 g/Kg,WP,375,750,g
Agrozeb 80 WP,Mancozeb,800 g/Kg,WP,375,750,g
Penncozeb 80 WP,Mancozeb,800 g/Kg,WP,375,750,g
Vondozeb Plus,Mancozeb,800 g/Kg,WP,375,750,g
Pilarzeb 80 WP,Mancozeb,800 g/Kg,WP,375,750,g
Fungufree 80 WP,Mancozeb,800 g/Kg,WP,375,750,g
Troop 80 WP,Mancozeb,800 g/L,WP,375,750,g
Manzeb 80 WP,Mancozeb,800 g/Kg,WP,375,750,g
Zencor Mancozeb 80 WP,Mancozeb,800 g/Kg,WP,375,750,g
Blocker 80 WP,Mancozeb,800 g/Kg,WP,375,750,g
Cadazeb 80 WP,Mancozeb,800 g/Kg,WP,375,750,g
Farmfrix Mancozeb 80 WP,Mancozeb,800 g/Kg,WP,375,750,g
Fortuna Blue 80 WP,Mancozeb,800 g/Kg,WP,375,750,g
Excelzeb 80 WP,Mancozeb,800 g/Kg,WP,375,750,g
E-Man 80 WP,Mancozeb,800 g/Kg,WP,375,750,g
Monazeb 80 WP,Mancozeb,800 g/Kg,WP,375,750,g
Laxon 80 WP,Mancozeb,800 g/Kg,WP,375,750,g
Zebra Blue 80 WP,Mancozeb,800 g/Kg,WP,375,750,g
Inspire 80 WP,Mancozeb,800 g/Kg,WP,375,750,g
Golden M 80 WP,Mancozeb,800 g/Kg,WP,375,750,g
Green Thum Mancozeb 80 WP,Mancozeb,800 g/Kg,WP,375,750,g
Raincozeb 80 WP,Mancozeb,800 g/Kg,WP,375,750,g
Ringo-L 20 SC,Metominostrobin,200 g/L,SC,100,150,mL
Ringo-L 70 SC,Metominostrobin,700 g/L,SC,100,150,mL
Antracol 70 WP,Propineb,700 g/Kg,WP,-,-,g
Primacol 70 WP,Propineb,700 g/Kg,WP,-,-,g
Propitex 70 WP,Propineb,700 g/Kg,WP,-,-,g
Agni 70 WP,Propineb,700 g/Kg,WP,-,-,g
Antop 70 WP,Propineb,700 g/Kg,WP,-,-,g
Topaz 70 WP,Propineb,700 g/Kg,WP,-,-,g
Folicur 25 WP,Tebuconazole,250 g/L,EC,100,150,mL
Folicur 430 SC,Tebuconazole,430 g/L,SC,70,90,mL
Tebucoz 430 SC,Tebuconazole,430 g/L,SC,70,90,mL
Orius 430 SC,Tebuconazole,430 g/L,SC,70,90,mL
Philagrow TBZ 43 SC,Tebuconazole,430 g/L,SC,70,90,mL
Sharphil Tebuconazole 430 SC,Tebuconazole,430 g/L,SC,70,90,mL
Silvzole 430 SC,Tebuconazole,430 g/L,SC,70,90,mL
Nativo WG 75,Tebuconazole + Trifloxystrobin,,,80,160,g
Galileo,Tebuconazole + Carbendazim,,,130,160,mL
Mettle Pro,Tebuconazole + Carbendazim,,,130,160,mL
Domark Pro,Tebuconazole + Carbendazim,,,130,160,mL
Eminent Star,Tebuconazole + Chlorothalonil,,,-,-,mL
Tiptop 70 WP,Thiophanate Methyl,,,62.5,125,g
Palizade 70 WP,Thiophanate Methyl,,,62.5,125,g
Tango 70 WP,Thiophanate Methyl,,,62.5,125,g
Topper 70 WP,Thiophanate Methyl,,,62.5,125,g
Miltop 70 WP,Thiophanate Methyl,,,62.5,125,g
Leads Armor 70 WP,Thiophanate Methyl,,,62.5,125,g
Tops 70 WP,Thiophanate Methyl,,,62.5,125,g
Fungitox 70 WP,Thiophanate Methyl,,,62.5,125,g
Raven 70% WP,Thiophanate Methyl,,,62.5,125,g
Thio-Met 70 WP,Thiophanate Methyl,,,62.5,125,g
Fungiroem 70 WP,Thiophanate Methyl,,,62.5,125,g
Right-F 70 WP,Thiophanate Methyl,,,62.5,125,g
Topsin-M 70 WP,Thiophanate Methyl,,,62.5,125,g
Precur 70 WP,Thiophanate Methyl,,,62.5,125,g
Scope 70 WP,Thiophanate Methyl,,,62.5,125,g
Archer,Thiophanate Methyl,,,62.5,125,g
Aslan 80 WG,Thiram,,,500,500,g
Banguard 80 WG,Thiram,,,-,-,g
Thiram 80 WG,Thiram,,,-,-,g
Saprol 19 DC,Triforine,,,312.5,375,mL
Z-10 80 WP,Zineb,,,400,600,g
Surecrop Benomyl 50 WP,Benomyl,,,125,250,g
Ventus 31.25 SC,Chlorothalonil + Tetraconazole,,,160,200,mL
Chlorophil 720 SC,Chlorothalonil,,,562.5,750,mL
Fungozeb 80 WP,Mancozeb,,,375,750,g
Resq 720 SC,Chlorothalonil,,,562.5,750,mL
Komander 25 SC,Azoxystrobin,,,-,-,mL
Guardking 250 EC,Difenoconazole,,,-,-,mL
TFC Mancozeb 80 WP,Mancozeb,,,375,750,g
Protocol WP 70,Propineb,,,-,-,g
Sprint 250 EC,Difenoconazole,,,-,-,mL
Radix 720 SC,Chlorothalonil,,,562.5,750,mL
Captiva 25 SC,Azoxystrobin,,,-,-,mL
Permidor 25 WP,Tebuconazole,,,100,150,g
Champion Wp,Cupric Hydroxide,,,-,-,g
Nordox 50 WP,Cuprous Oxide,,,125,187.5,g
ECD Mancozeb 80 WP,Mancozeb,,,375,750,g
Evito 480 SC,Fluoxatrobin,,,15,75,mL
Falcon 25 WP,Tebuconazole,,,100,150,g
Karrazeb 80 WP,Mancozeb,,,375,750,g
Akzeb 80 WP,Mancozeb,,,375,750,g
Antracure 250 SC,Carbendazim + Tebuconazole,,,200,300,mL
Nustar 25 SC,Azoxystrobin,,,-,-,mL
Permidor 430 SC,Tebuconazole,,,70,90,mL
Nexa 250 EC,Difenoconazole,,,-,-,mL
Royalzeb 80 WP,Mancozeb,,,375,750,g
Zimcote 500 SC,Carbendazim,,,125,250,mL
Indofil M-45 800 WP,Mancozeb,,,375,750,g
Ortiva Top 325 SC,Azoxystrobin + Difenoconazole,,,150,200,mL
Omanco,Mancozeb,,,375,750,g
Indofil 750 WDG,Mancozeb,,,375,750,g
Blucop 77% WP,Copper Hydroxide,,,325,750,g
Curazole 25 EC,Difenoconazole,,,-,-,mL
Bond 25 EC,Difenoconazole,,,-,-,mL
